genres,budget,popularity,production_companies,production_countries,release_date,revenue,runtime,vote_average,vote_count,overview
"Drama, Crime",25000000,85.517,Winkler Films,United States of America,1990,46800000,145,8.5,12823,"The true story of Henry Hill, a half-Irish, half-Sicilian Brooklyn kid who is adopted by neighbourhood gangsters at an early age and climbs the ranks of a Mafia family under the guidance of Jimmy Conway."
"Thriller, Drama",2200000,45.711,"MC Productions, United Artists",United States of America,1962,7700000,126,7.524,697,"Near the end of the Korean War, a platoon of U.S. soldiers is captured by communists and brainwashed. Following the war, the platoon is returned home, and Sergeant Raymond Shaw is lauded as a hero by the rest of his platoon. However, the platoon commander, Captain Bennett Marco, finds himself plagued by strange nightmares and soon races to uncover a terrible plot."
Drama,15000000,40.956,"DreamWorks Pictures, Jinks/Cohen Company",United States of America,1999,356296601,122,8.016,11981,"Lester Burnham, a depressed suburban father in a mid-life crisis, decides to turn his hectic life around after developing an infatuation with his daughter's attractive friend."
"Crime, Drama, Thriller",7000000,38.451,"PolyGram Filmed Entertainment, Working Title Films","United Kingdom, United States of America",1996,60611975,98,7.9,8009,"Jerry, a small-town Minnesota car salesman is bursting at the seams with debt... but he's got a plan. He's going to hire two thugs to kidnap his wife in a scheme to collect a hefty ransom from his wealthy father-in-law. It's going to be a snap and nobody's going to get hurt... until people start dying. Enter Police Chief Marge, a coffee-drinking, parka-wearing - and extremely pregnant - investigator who'll stop at nothing to get her man. And if you think her small-time investigative skills will give the crooks a run for their ransom... you betcha!"
"Animation, Adventure, Family, Comedy",30000000,177.647,Pixar,United States of America,1995,394436586,81,8.0,18311,"Led by Woody, Andy's toys live happily in his room until Andy's birthday brings Buzz Lightyear onto the scene. Afraid of losing his place in Andy's heart, Woody plots against Buzz. But when circumstances separate Buzz and Woody from their owner, the duo eventually learns to put aside their differences."
"Horror, Mystery, Science Fiction",15000000,67.145,"Universal Pictures, The Turman-Foster Company",United States of America,1982,19629760,109,8.1,6937,"In the winter of 1982, a twelve-man research team at a remote Antarctic research station discovers an alien buried in the snow for over 100,000 years. Soon unfrozen, the form-changing creature wreaks havoc, creates terror... and becomes one of them."
"Western, Adventure",6000000,23.436,"Campanile Productions, 20th Century Fox, George Roy Hill-Paul Monash Production, Newman-Foreman Company",United States of America,1969,102308889,111,7.6,2167,"In late 1890s Wyoming, Butch Cassidy is the affable, clever and talkative leader of the outlaw Hole in the Wall Gang. His closest companion is the laconic dead-shot Sundance Kid. As the west rapidly becomes civilized, the law finally catches up to Butch, Sundance and their gang.  Chased doggedly by a special posse, the two decide to make their way to South America in hopes of evading their pursuers once and for all."
"Comedy, Drama",250000,18.827,Charles Chaplin Productions,United States of America,1921,2500000,68,8.174,2089,A tramp cares for a boy after he's abandoned as a newborn by his mother. Later the mother has a change of heart and aches to be reunited with her son.
"Action, Thriller",28000000,41.804,"Gordon Company, Silver Pictures, 20th Century Fox",United States of America,1988,140767956,132,7.8,11058,"NYPD cop John McClane's plan to reconcile with his estranged wife is thrown for a serious loop when, minutes after he arrives at her office, the entire building is overtaken by a group of terrorists. With little help from the LAPD, wisecracking McClane sets out to single-handedly rescue the hostages and bring the bad guys down."
"Romance, Fantasy, Drama, Comedy",14600000,37.174,Columbia Pictures,United States of America,1993,71100000,101,7.608,7938,"A narcissistic TV weatherman, along with his attractive-but-distant producer, and his mawkish cameraman, is sent to report on Groundhog Day in the small town of Punxsutawney, where he finds himself repeating the same day over and over."
"Drama, History, War",22000000,135.391,Amblin Entertainment,United States of America,1993,321365567,195,8.565,15809,The true story of how businessman Oskar Schindler saved over a thousand Jewish lives from the Nazis while they worked as slaves in his factory during World War II.
Drama,20000000,71.462,"New Line Cinema, Savoy Pictures, The Turman-Morrissey Company",United States of America,1998,23900000,119,8.345,11497,"Derek Vineyard is paroled after serving 3 years in prison for killing two African-American men. Through his brother, Danny Vineyard's narration, we learn that before going to prison, Derek was a skinhead and the leader of a violent white supremacist gang that committed acts of racial crime throughout L.A. and his actions greatly influenced Danny. Reformed and fresh out of prison, Derek severs contact with the gang and becomes determined to keep Danny from going down the same violent path as he did."
"Action, Crime, Drama",60000000,59.068,"Warner Bros. Pictures, Regency Enterprises, Forward Pass",United States of America,1995,187400000,170,7.919,7254,Obsessive master thief Neil McCauley leads a top-notch crew on various daring heists throughout Los Angeles while determined detective Vincent Hanna pursues him without rest. Each man recognizes and respects the ability and the dedication of the other even though they are aware their cat-and-mouse game may end in violence.
"Drama, Comedy",9000000,32.912,"Vidhu Vinod Chopra Productions, Vinod Chopra Films",India,2009,70000000,171,7.999,2363,"Rascal. Joker. Dreamer. Genius... You've never met a college student quite like ""Rancho."" From the moment he arrives at India's most prestigious university, Rancho's outlandish schemes turn the campus upside down—along with the lives of his two newfound best friends. Together, they make life miserable for ""Virus,"" the school’s uptight and heartless dean. But when Rancho catches the eye of the dean's daughter, Virus sets his sights on flunking out the ""3 idiots"" once and for all."
"Drama, Thriller, Mystery",80000000,92.799,"Paramount Pictures, Phoenix Pictures, Sikelia Productions, Appian Way",United States of America,2010,294804195,138,8.203,23863,"World War II soldier-turned-U.S. Marshal Teddy Daniels investigates the disappearance of a patient from a hospital for the criminally insane, but his efforts are compromised by troubling visions and a mysterious doctor."
"Drama, Comedy, Romance",15000000,17.878,"uFilm, La Petite Reine, Studio 37, La Classe américaine, JD Prod, France 3 Cinéma, Jouror Productions","Belgium, France",2011,133432856,100,7.5,3226,"Hollywood, 1927: As silent movie star George Valentin wonders if the arrival of talking pictures will cause him to fade into oblivion, he sparks with Peppy Miller, a young dancer set for a big break."
"Comedy, Crime, Drama",5500000,19.852,"Universal Pictures, Zanuck/Brown Productions, David Brown Productions",United States of America,1973,159616327,129,8.0,2583,A novice con man teams up with an acknowledged master to avenge the murder of a mutual friend by pulling off the ultimate big con and swindling a fortune from a big-time mobster.
"Animation, Comedy, Family",115000000,121.156,Pixar,United States of America,2001,579700000,92,7.8,18365,"Lovable Sulley and his wisecracking sidekick Mike Wazowski are the top scare team at Monsters, Inc., the scream-processing factory in Monstropolis. When a little girl named Boo wanders into their world, it's the monsters who are scared silly, and it's up to Sulley and Mike to keep her out of sight and get her back home."
"Romance, Comedy, Drama",1500000,28.886,Paramount Pictures,United States of America,1953,12000000,119,7.877,2022,"Overwhelmed by her suffocating schedule, touring European princess Ann takes off for a night while in Rome. When a sedative she took from her doctor kicks in, however, she falls asleep on a park bench and is found by an American reporter, Joe Bradley, who takes her back to his apartment for safety. At work the next morning, Joe finds out Ann's regal identity and bets his editor he can get exclusive interview with her, but romance soon gets in the way."
"Adventure, Fantasy, Action",79000000,148.057,"New Line Cinema, WingNut Films, The Saul Zaentz Company","New Zealand, United States of America",2002,926287400,179,8.4,21798,"Frodo Baggins and the other members of the Fellowship continue on their sacred quest to destroy the One Ring--but on separate paths. Their destinies lie at two towers--Orthanc Tower in Isengard, where the corrupt wizard Saruman awaits, and Sauron's fortress at Barad-dur, deep within the dark lands of Mordor. Frodo and Sam are trekking to Mordor to destroy the One Ring of Power while Gimli, Legolas and Aragorn search for the orc-captured Merry and Pippin. All along, nefarious wizard Saruman awaits the Fellowship members at the Orthanc Tower in Isengard."
Drama,33000000,45.154,"Matten Productions, Double Nickel Entertainment, Gerber Pictures, Malpaso Productions, Village Roadshow Pictures, WV Films IV, Warner Bros. Pictures","United States of America, Germany",2008,270000000,116,7.992,10632,"Disgruntled Korean War veteran Walt Kowalski sets out to reform his neighbor, Thao Lor, a Hmong teenager who tried to steal Kowalski's prized possession: a 1972 Gran Torino."
"Adventure, Drama, Western",3800000,28.375,Warner Bros. Pictures,United States of America,1948,4307000,126,7.966,1184,"Two jobless Americans convince a prospector to travel to the mountains of Mexico with them in search of gold. But the hostile wilderness, local bandits, and greed all get in the way of their journey."
Drama,18000000,22.732,"United Artists, Chartoff-Winkler Productions",United States of America,1980,23380203,129,7.9,4283,"The life of boxer Jake LaMotta, whose violence and temper that led him to the top in the ring destroyed his life outside of it."
"Drama, War, Action",6000000,35.696,"Hemdale Film Corporation, Cinema 86, Cinema 84, Orion Pictures, Orion","United Kingdom, United States of America",1986,138530565,120,7.741,4498,"As a young and naive recruit in Vietnam, Chris Taylor faces a moral crisis when confronted with the horrors of war and the duality of man."
Drama,1000000,48.557,Winkler Films,United States of America,1976,225300000,120,7.788,7812,An uneducated collector for a Philadelphia loan shark is given a once-in-a-lifetime opportunity to fight against the world heavyweight boxing champion.
Drama,1752000,19.224,Paramount Pictures,United States of America,1950,5000000,110,8.3,2561,A hack screenwriter writes a screenplay for a former silent film star who has faded into Hollywood obscurity.
"Science Fiction, Mystery, Adventure",12000000,103.124,"Kubrick Productions, Metro-Goldwyn-Mayer","United Kingdom, United States of America",1968,71923560,149,8.1,11460,"Humanity finds a mysterious object buried beneath the lunar surface and sets off to find its origins with the help of HAL 9000, the world's most advanced super computer."
"Comedy, Drama",1500000,20.822,Columbia Pictures,United States of America,1939,9600000,129,7.9,1036,"Naive and idealistic Jefferson Smith, leader of the Boy Rangers, is appointed to the United States Senate by the puppet governor of his state. He soon discovers, upon going to Washington, many shortcomings of the political process as his earnest goal of a national boys' camp leads to a conflict with the state political boss."
"Science Fiction, Crime",2200000,40.866,"Warner Bros. Pictures, Hawk Films, Kubrick Productions, Polaris Productions Limited",United Kingdom,1971,27033812,137,8.2,12788,"In a near-future Britain, young Alexander DeLarge and his pals get their kicks beating and raping anyone they please. When not destroying the lives of others, Alex swoons to the music of Beethoven. The state, eager to crack down on juvenile crime, gives an incarcerated Alex the option to undergo an invasive procedure that'll rob him of all personal agency. In a time when conscience is a commodity, can Alex change his tune?"
"Action, Drama, Crime",3200000,17.053,"Warner Bros.-Seven Arts, Jalem Productions",United States of America,1967,16217773,127,7.7,1405,"When petty criminal Luke Jackson is sentenced to two years in a Florida prison farm, he doesn't play by the rules of either the sadistic warden or the yard's resident heavy, Dragline, who ends up admiring the new guy's unbreakable will. Luke's bravado, even in the face of repeated stints in the prison's dreaded solitary confinement cell, ""the box,"" make him a rebel hero to his fellow convicts and a thorn in the side of the prison officers."
"War, Drama, History",935000,45.427,"Bryna Productions, United Artists, Harris-Kubrick Productions",United States of America,1957,1200000,88,8.3,2886,A commanding officer defends three scapegoats on trial for a failed offensive that occurred within the French Army in 1916.
"Drama, Romance",878000,91.03,Warner Bros. Pictures,United States of America,1943,10462500,102,8.16,5414,"In Casablanca, Morocco in December 1941, a cynical American expatriate meets a former lover, with unforeseen complications."
"Drama, Crime",3300000,59.902,"O2 Filmes, VideoFilmes, Wild Bunch, Hank Levine Film & Music, Globo Filmes, Lumière","Brazil, France, Germany",2002,30641770,129,8.4,7361,"In the poverty-stricken favelas of Rio de Janeiro in the 1970s, two young men choose different paths. Rocket is a budding photographer who documents the increasing drug-related violence of his neighborhood, while José “Zé” Pequeno is an ambitious drug dealer diving into a dangerous life of crime."
Drama,800000,12.32,20th Century Fox,United States of America,1940,1591000,129,7.8,966,"Tom Joad returns to his home after a jail sentence to find his family kicked out of their farm due to foreclosure. He catches up with them on his Uncle’s farm, and joins them the next day as they head for California and a new life... Hopefully."
Drama,1400000,13.971,20th Century Fox,United States of America,1950,8400000,139,8.099,1516,"From the moment she glimpses her idol at the stage door, Eve Harrington is determined to take the reins of power away from the great actress Margo Channing. Eve maneuvers her way into Margo's Broadway role, becomes a sensation and even causes turmoil in the lives of Margo's director boyfriend, her playwright and his wife. Only the cynical drama critic sees through Eve, admiring her audacity and perfect pattern of deceit."
"Comedy, Crime",1350000,17.316,"Summit Entertainment, The Steve Tisch Company, SKA Films, PolyGram Filmed Entertainment, Handmade Films","United Kingdom, United States of America",1998,28356188,105,8.118,6540,A card shark and his unwillingly-enlisted friends need to make a lot of cash quick after losing a sketchy poker match. To do this they decide to pull a heist on a small-time gang who happen to be operating out of the flat next door.
"Mystery, Crime, Thriller",375000,13.421,Warner Bros. Pictures,United States of America,1941,1772000,100,7.705,1658,"A private detective takes on a case that involves him with three eccentric criminals, a beautiful liar, and their quest for a priceless statuette."
"Comedy, Drama",60000000,71.201,"Paramount Pictures, Scott Rudin Productions",United States of America,1998,264100000,103,8.143,18251,"Every second of every day, from the moment he was born, for the last thirty years, Truman Burbank has been the unwitting star of the longest running, most popular documentary-soap opera in history. The picture-perfect town of Seahaven that he calls home is actually a gigantic soundstage. Truman's friends and family - everyone he meets, in fact - are actors. He lives every moment under the unblinking gaze of thousands of hidden TV cameras."
"Crime, Thriller",927262,25.017,Paramount Pictures,United States of America,1944,2500000,107,8.115,1780,"A rich woman and a calculating insurance agent plot to kill her unsuspecting husband after he signs a double indemnity policy. Against a backdrop of distinctly Californian settings, the partners in crime plan the perfect murder to collect the insurance, which pays double if the death is accidental."
"Crime, Thriller",1200000,77.312,"Live Entertainment, Dog Eat Dog Productions",United States of America,1992,2859750,99,8.122,14226,"A botched robbery indicates a police informant, and the pressure mounts in the aftermath at a warehouse. Crime begets violence as the survivors -- veteran Mr. White, newcomer Mr. Orange, psychopathic parolee Mr. Blonde, bickering weasel Mr. Pink and Nice Guy Eddie -- unravel."
Western,200000,29.041,"Jolly Film, Ocean Films, Constantin Film","Germany, Italy, Spain",1964,14500000,99,7.8,4191,"The Man With No Name enters the Mexican village of San Miguel in the midst of a power struggle among the three Rojo brothers and sheriff John Baxter. When a regiment of Mexican soldiers bearing gold intended to pay for new weapons is waylaid by the Rojo brothers, the stranger inserts himself into the middle of the long-simmering battle, selling false information to both sides for his own benefit."
"Crime, Mystery, Thriller",35000000,27.998,"Regency Enterprises, Warner Bros. Pictures, Wolper Organization",United States of America,1997,126216940,138,7.8,4886,Three detectives in the corrupt and brutal L.A. police force of the 1950s use differing methods to uncover a conspiracy behind the shotgun slayings of the patrons at an all-night diner.
"Fantasy, Adventure",125000000,138.729,"Warner Bros. Pictures, Heyday Films","United Kingdom, United States of America",2011,1341511219,130,8.095,20460,"Harry, Ron and Hermione continue their quest to vanquish the evil Voldemort once and for all. Just as things begin to look hopeless for the young wizards, Harry discovers a trio of magical objects that endow him with powers to rival Voldemort's formidable skills."
"Drama, Mystery, Romance",0,18.639,"MK2 Films, France 3 Cinéma, CAB Productions, Studio Filmowe Tor, TSR","France, Poland, Switzerland",1994,0,100,7.9,1369,"Part-time model Valentine unexpectedly befriends a retired judge after she runs over his dog. At first, the grumpy man shows no concern about the dog, and Valentine decides to keep it. But the two form a bond when she returns to his house and catches him listening to his neighbors’ phone calls."
"Crime, Comedy",10000000,41.113,SKA Films,United Kingdom,2000,83600000,103,7.8,8971,"Unscrupulous boxing promoters, violent bookmakers, a Russian gangster, incompetent amateur robbers and supposedly Jewish jewelers fight to track down a priceless stolen diamond."
"Comedy, Romance",325000,19.199,Columbia Pictures,United States of America,1934,4500000,105,7.8,1236,A rogue reporter trailing a runaway heiress for a big story joins her on a bus heading from Florida to New York and they end up stuck with each other when the bus leaves them behind at one of the stops along the way.
Western,6244087,14.051,Warner Bros.-Seven Arts,United States of America,1969,638641,145,7.6,1174,"An aging group of outlaws look for one last big score as the ""traditional"" American West is disappearing around them."
"Fantasy, Drama, Mystery",6000000,13.418,"Cinematograph AB, Svenska Filminstitutet, SVT, Gaumont, Personafilm, Tobis","Sweden, Germany, France",1982,6800000,188,7.8,759,"As children in the loving Ekdahl family, Fanny and Alexander enjoy a happy life with their parents, who run a theater company. After their father dies unexpectedly, however, the siblings end up in a joyless home when their mother, Emilie, marries a stern bishop. The bleak situation gradually grows worse as the bishop becomes more controlling, but dedicated relatives make a valiant attempt to aid Emilie, Fanny and Alexander."
"Drama, History, War",3000000,21.724,Horizon Pictures,United Kingdom,1957,44908000,161,7.831,2072,"The classic story of English POWs in Burma forced to build a bridge to aid the war effort of their Japanese captors. British and American intelligence officers conspire to blow up the structure, but Col. Nicholson, the commander who supervised the bridge's construction, has acquired a sense of pride in his creation and tries to foil their plans."
"Science Fiction, Drama, Thriller",28000000,57.966,"Shaw Brothers, The Ladd Company, Warner Bros. Pictures","United States of America, Hong Kong, United Kingdom",1982,41722424,118,7.94,13708,"In the smog-choked dystopian Los Angeles of 2019, blade runner Rick Deckard is called out of retirement to terminate a quartet of replicants who have escaped to Earth seeking their creator for a way to extend their short life spans."
"Drama, Thriller, Horror",13000000,51.516,"Fox Searchlight Pictures, Cross Creek Pictures, Protozoa Pictures, Phoenix Pictures, Dune Entertainment",United States of America,2010,329398046,109,7.7,14378,"The story of Nina, a ballerina in a New York City ballet company whose life, like all those in her profession, is completely consumed with dance. She lives with her retired ballerina mother Erica who zealously supports her daughter's professional ambition. When artistic director Thomas Leroy decides to replace prima ballerina Beth MacIntyre for the opening production of their new season, Swan Lake, Nina is his first choice."
"Adventure, Science Fiction",63000000,41.116,"Universal Pictures, Amblin Entertainment",United States of America,1993,920100000,127,8.0,16218,"A wealthy entrepreneur secretly creates a theme park featuring living dinosaurs drawn from prehistoric DNA. Before opening day, he invites a team of experts and his two eager grandchildren to experience the park and help calm anxious investors. However, the park is anything but amusing as the security systems go off-line and the dinosaurs escape."
"Drama, Thriller, War",70000000,77.59,"The Weinstein Company, A Band Apart, Zehnte Babelsberg Film","Germany, United States of America",2009,321457747,153,8.2,22159,"In Nazi-occupied France during World War II, a group of Jewish-American soldiers known as ""The Basterds"" are chosen specifically to spread fear throughout the Third Reich by scalping and brutally killing Nazis. The Basterds, lead by Lt. Aldo Raine soon cross paths with a French-Jewish teenage girl who runs a movie theater in Paris which is targeted by the soldiers."
"Drama, Crime",25000000,203.708,Castle Rock Entertainment,United States of America,1994,28341469,142,8.707,27069,"Imprisoned in the 1940s for the double murder of his wife and her lover, upstanding banker Andy Dufresne begins a new life at the Shawshank prison, where he puts his accounting skills to work for an amoral warden. During his long stretch in prison, Dufresne comes to be admired by the other inmates -- including an older prisoner named Red -- for his integrity and unquenchable sense of hope."
"History, Drama, Adventure, Action",15000000,47.739,Metro-Goldwyn-Mayer,United States of America,1959,164000000,222,7.9,2739,"In 25 AD, Judah Ben-Hur, a Jew in ancient Judea, opposes the occupying Roman empire.  Falsely accused by a Roman childhood friend-turned-overlord of trying to kill the Roman governor, he is put into slavery and his mother and sister are taken away as prisoners."
"Horror, Thriller, Adventure",7000000,53.607,"Zanuck/Brown Productions, Universal Pictures",United States of America,1975,470653000,124,7.7,10393,"When the seaside community of Amity finds itself under attack by a dangerous great white shark, the town's chief of police, a young marine biologist, and a grizzled hunter embark on a desperate quest to destroy the beast before it strikes again."
"Action, Science Fiction",63000000,98.33,"Village Roadshow Pictures, Groucho II Film Partnership, Silver Pictures, Warner Bros. Pictures",United States of America,1999,463517383,136,8.2,25580,"Set in the 22nd century, The Matrix tells the story of a computer hacker who joins a group of underground insurgents fighting the vast and powerful computers who now rule the earth."
"Drama, History, War",70000000,120.757,"DreamWorks Pictures, Paramount Pictures, Amblin Entertainment, Mutual Film Company",United States of America,1998,481840909,169,8.2,15763,"As U.S. troops storm the beaches of Normandy, three brothers lie dead on the battlefield, with a fourth trapped behind enemy lines. Ranger captain John Miller and seven men are tasked with penetrating German-held territory and bringing the boy home."
"Thriller, Mystery, Crime, Comedy",3500000,12.601,Palomar Pictures International,United Kingdom,1972,5750000,138,7.7,602,A mystery novelist devises an insurance scam with his wife's lover – but things aren't exactly as they seem.  Preserved by the Academy Film Archive in 2012.
"Adventure, Drama",120000000,40.684,"Fox 2000 Pictures, Dune Entertainment, Ingenious Media, Haishang Films, Netter Productions, India Take One, Ingenious Film Partners, Big Screen Productions","India, Taiwan, United Kingdom, United States of America",2012,609016565,127,7.4,12992,"The story of an Indian boy named Pi, a zookeeper's son who finds himself in the company of a hyena, zebra, orangutan, and a Bengal tiger after a shipwreck sets them adrift in the Pacific Ocean."
"Adventure, Animation, Fantasy",1000000,32.478,Topcraft,Japan,1984,9016411,117,7.9,3542,"After a global war, the seaside kingdom known as the Valley of the Wind remains one of the last strongholds on Earth untouched by a poisonous jungle and the powerful insects that guard it. Led by the courageous Princess Nausicaä, the people of the Valley engage in an epic struggle to restore the bond between humanity and Earth."
"Drama, Thriller, Crime",90000000,51.794,"Warner Bros. Pictures, Plan B Entertainment, Initial Entertainment Group, Vertigo Entertainment, Media Asia Films","Hong Kong, United States of America",2006,291465000,151,8.164,14805,"To take down South Boston's Irish Mafia, the police send in one of their own to infiltrate the underworld, not realizing the syndicate has done likewise. While an undercover cop curries favor with the mob kingpin, a career criminal rises through the police ranks. But both sides soon discover there's a mole among them."
"Drama, History",15000000,30.096,"The Weinstein Company, See-Saw Films, Bedlam Productions","United Kingdom, United States of America",2010,414211549,118,7.743,8633,"The King's Speech tells the story of the man who became King George VI, the father of Queen Elizabeth II. After his brother abdicates, George ('Bertie') reluctantly assumes the throne. Plagued by a dreaded stutter and considered unfit to be king, Bertie engages the help of an unorthodox speech therapist named Lionel Logue. Through a set of unexpected techniques, and as a result of an unlikely friendship, Bertie is able to find his voice and boldly lead the country into war."
"Action, Thriller, Science Fiction",6400000,141.958,"Hemdale, Pacific Western","United Kingdom, United States of America",1984,78371200,108,7.662,13109,"In the post-apocalyptic future, reigning tyrannical supercomputers teleport a cyborg assassin known as the ""Terminator"" back to 1984 to kill Sarah Connor, whose unborn son is destined to lead insurgents against 21st century mechanical hegemony. Meanwhile, the human-resistance movement dispatches a lone warrior to safeguard Sarah. Can he stop the virtually indestructible killing machine?"
Drama,25000000,28.717,"United Artists, Star Partners II Ltd., Guber/Peters Company, Metro-Goldwyn-Mayer",United States of America,1988,354825435,134,7.763,6299,"When car dealer Charlie Babbitt learns that his estranged father has died, he returns home to Cincinnati, where he discovers that he has a savant older brother named Raymond and that his father's $3 million fortune is being left to the mental institution in which Raymond lives. Motivated by his father's money, Charlie checks Raymond out of the facility in order to return with him to Los Angeles. The brothers' cross-country trip ends up changing both their lives."
"Crime, Thriller, Mystery",829000,17.407,Universal International Pictures,United States of America,1958,2247500,111,7.757,1414,"When a car bomb explodes on the American side of the U.S./Mexico border, Mexican drug enforcement agent Miguel Vargas begins his investigation, along with American police captain Hank Quinlan. When Vargas begins to suspect that Quinlan and his shady partner, Menzies, are planting evidence to frame an innocent man, his investigations into their possible corruption quickly put himself and his new bride, Susie, in jeopardy."
"Crime, Drama",8000000,34.981,"Columbia Pictures, Act III Productions",United States of America,1986,52300000,89,7.9,5829,"After learning that a boy their age has been accidentally killed near their rural homes, four Oregon boys decide to go see the body. On the way, Gordie,  Vern, Chris and Teddy encounter a mean junk man and a marsh full of leeches, as they also learn more about one another and their very different home lives. Just a lark at first, the boys' adventure evolves into a defining event in their lives."
"Drama, Thriller",2000000,23.89,"Altavista Films, Zeta Film",Mexico,2000,20908467,154,7.63,2578,"A fatalistic car crash in Mexico city sets off a chain of events in the lives of three people: a supermodel, a young man wanting to run off with his sister-in-law, and a homeless man. Their lives are catapulted into unforeseen situations instigated by the seemingly inconsequential destiny of a dog."
"Comedy, Romance, Crime",2883848,35.292,The Mirisch Company,United States of America,1959,25000000,122,8.099,3441,"Two musicians witness a mob hit and struggle to find a way out of the city before they are found by the gangsters. Their only opportunity is to join an all-girl band as they leave on a tour. To make their getaway they must first disguise themselves as women, then keep their identities secret and deal with the problems this brings - such as an attractive bandmate and a very determined suitor."
"Romance, Family, Animation, Fantasy",25000000,103.255,"Walt Disney Pictures, Silver Screen Partners IV, Walt Disney Feature Animation",United States of America,1991,424967620,84,7.7,9872,"Follow the adventures of Belle, a bright young woman who finds herself in the castle of a prince who's been turned into a mysterious beast. With the help of the castle's enchanted staff, Belle soon learns the most important lesson of all -- that true beauty comes from within."
"Mystery, Drama",839727,30.1,"Mercury Productions, RKO Radio Pictures",United States of America,1941,23218000,119,8.008,5482,"Newspaper magnate Charles Foster Kane is taken from his mother as a boy and made the ward of a rich industrialist. As a result, every well-meaning, tyrannical or self-destructive move he makes for the rest of his life appears in some way to be a reaction to that deeply wounding event."
"Drama, War",15000000,46.08,"Universal Pictures, EMI Films","United Kingdom, United States of America",1978,49000000,183,8.002,3777,"A group of working-class friends decide to enlist in the Army during the Vietnam War and finds it to be hellish chaos -- not the noble venture they imagined. Before they left, Steven married his pregnant girlfriend -- and Michael and Nick were in love with the same woman. But all three are different men upon their return."
"Crime, History, Thriller",25000000,41.264,"Paramount Pictures, The Linson Company",United States of America,1987,76270454,119,7.8,5575,"Elliot Ness, an ambitious prohibition agent, is determined to take down Al Capone. In order to achieve this goal, he forms a group given the nickname “The Untouchables”."
"Drama, War, Romance",4000000,40.865,"Selznick International Pictures, Metro-Goldwyn-Mayer",United States of America,1939,402352579,233,7.941,3995,The spoiled daughter of a Georgia plantation owner conducts a tumultuous romance with a cynical profiteer during the American Civil War and Reconstruction Era.
"Adventure, History, War",15000000,26.801,Horizon Pictures,United Kingdom,1962,69995385,228,8.002,2987,"The story of British officer T.E. Lawrence's mission to aid the Arab tribes in their revolt against the Ottoman Empire during the First World War. Lawrence becomes a flamboyant, messianic figure in the cause of Arab unity but his psychological instability threatens to undermine his achievements."
"Drama, Romance",2500000,35.754,"Castle Rock Entertainment, Detour Filmproduction, Filmhaus Films","Austria, United States of America",1995,5987386,101,8.0,4098,"A young man and woman meet on a train in Europe, and wind up spending one evening together in Vienna. Unfortunately, both know that this will probably be their only night together."
"Crime, Drama, Mystery",2000000,16.111,"Columbia Pictures, Otto Preminger Films",United States of America,1959,8000000,161,7.8,952,"Semi-retired Michigan lawyer Paul Biegler takes the case of Army Lt. Manion, who murdered a local innkeeper after his wife claimed that he raped her. Over the course of an extensive trial, Biegler parries with District Attorney Lodwick and out-of-town prosecutor Claude Dancer to set his client free, but his case rests on the victim's mysterious business partner, who's hiding a dark secret."
"Adventure, Family, Fantasy, Comedy, Romance",16000000,63.533,"The Princess Bride Ltd., Buttercup Films Ltd., Act III Productions",United States of America,1987,30900000,99,7.7,4505,"In this enchantingly cracked fairy tale, the beautiful Princess Buttercup and the dashing Westley must overcome staggering odds to find happiness amid six-fingered swordsmen, murderous princes, Sicilians and rodents of unusual size. But even death can't stop these true lovebirds from triumphing."
"Drama, War",30000000,55.004,"Natant, Kubrick Productions, Warner Bros. Pictures","United Kingdom, United States of America",1987,46357676,117,8.129,10414,A pragmatic U.S. Marine observes the dehumanizing effects the U.S.-Vietnam War has on his fellow recruits from their brutal boot camp training to the bloody street fighting in Hue.
"Comedy, Crime",1120175,13.283,Warner Bros. Pictures,United States of America,1944,0,118,7.633,922,"Mortimer Brewster, a newspaper drama critic, playwright, and author known for his diatribes against marriage, suddenly falls in love and gets married;  but when he makes a quick trip home to tell his two maiden aunts, he finds out his aunts' hobby - killing lonely old men and burying them in the cellar!"
"Crime, Thriller",1200000,13.227,Warner Bros. Pictures,United States of America,1951,7000000,101,7.667,1664,"Having met on a train, a smooth-talking psychotic socialite shares his theory on how two complete strangers can get away with murder to an amateur tennis player — a theory he plans to test out."
"Crime, Drama, Thriller",25000000,69.262,"Miramax, Paramount Vantage, Scott Rudin Productions, Mike Zoss Productions",United States of America,2007,171627166,122,7.944,11926,"Llewelyn Moss stumbles upon dead bodies, $2 million and a hoard of heroin in a Texas desert, but methodical killer Anton Chigurh comes looking for it, with local sheriff Ed Tom Bell hot on his trail. The roles of prey and predator blur as the violent pursuit of money and justice collide."
"Drama, Mystery, Science Fiction",40000000,81.246,"Warner Bros. Pictures, Touchstone Pictures, Newmarket Films, Syncopy","United Kingdom, United States of America",2006,109676311,130,8.203,15956,"A mysterious story of two magicians whose intense rivalry leads them on a life-long battle for supremacy -- full of obsession, deceit and jealousy with dangerous and deadly consequences."
"Horror, Thriller",19000000,61.427,"Warner Bros. Pictures, Peregrine, Hawk Films, The Producer Circle Co.","United Kingdom, United States of America",1980,44781695,144,8.2,17398,"Jack Torrance accepts a caretaker job at the Overlook Hotel, where he, along with his wife Wendy and their son Danny, must live isolated from the rest of the world for the winter. But they aren't prepared for the madness that lurks within."
"History, Music, Drama",18000000,25.515,The Saul Zaentz Company,United States of America,1984,90000000,160,8.0,4213,Disciplined Italian composer Antonio Salieri becomes consumed by jealousy and resentment towards the hedonistic and remarkably talented young Viennese composer Wolfgang Amadeus Mozart.
"Drama, War",1448864,15.738,Universal Pictures,United States of America,1930,3270000,133,7.8,787,"When a group of idealistic young men join the German Army during the Great War, they are assigned to the Western Front, where their patriotism is destroyed by the harsh realities of combat."
"Comedy, Action, Adventure, War",750000,11.302,"Joseph M. Schenck Productions, Buster Keaton Productions",United States of America,1926,1000000,79,7.959,1230,"During America’s Civil War, Union spies steal engineer Johnny Gray's beloved locomotive, 'The General'—with Johnnie's lady love aboard an attached boxcar—and he single-handedly must do all in his power to both get The General back and to rescue Annabelle."
"Adventure, Action",48000000,76.843,"Paramount Pictures, Lucasfilm Ltd.",United States of America,1989,474171806,127,7.9,10050,"In 1938, an art collector appeals to eminent archaeologist Dr. Indiana Jones to embark on a search for the Holy Grail. Indy learns that a medieval historian has vanished while searching for it, and the missing man is his own father, Dr. Henry Jones Sr.. He sets out to rescue his father by following clues in the old man's notebook, which his father had mailed to him before he went missing. Indy arrives in Venice, where he enlists the help of a beautiful academic, Dr. Elsa Schneider, along with Marcus Brody and Sallah. Together they must stop the Nazis from recovering the power of eternal life and taking over the world!"
"Drama, War",35000000,84.896,"Canal+ Polska, Bac Films, Heritage Films, Studio Babelsberg, Agencja Produkcji Filmowej, R.P. Productions, StudioCanal, Canal+, TVP, Runteam","France, Germany, Poland, United Kingdom",2002,120098945,150,8.381,9136,"The true story of pianist Władysław Szpilman's experiences in Warsaw during the Nazi occupation. When the Jews of the city find themselves forced into a ghetto, Szpilman finds work playing in a café; and when his family is deported in 1942, he stays behind, works for a while as a laborer, and eventually goes into hiding in the ruins of the war-torn city."
"Thriller, Mystery",0,35.336,London Films Productions,United Kingdom,1949,1226098,105,7.9,1842,"In postwar Vienna, Austria, Holly Martins, a writer of pulp Westerns, arrives penniless as a guest of his childhood chum Harry Lime, only to learn he has died. Martins develops a conspiracy theory after learning of a ""third man"" present at the time of Harry's death, running into interference from British officer Major Calloway, and falling head-over-heels for Harry's grief-stricken lover, Anna."
"Action, Drama, History, War",72000000,64.372,"Icon Entertainment International, The Ladd Company, B.H. Finance C.V.",United States of America,1995,213200000,177,7.9,10068,"Enraged at the slaughter of Murron, his new bride and childhood love, Scottish warrior William Wallace slays a platoon of the local English lord's soldiers. This leads the village to revolt and, eventually, the entire country to rise up against English rule."
Comedy,4000000,30.508,"Handmade Films, Python (Monty) Pictures Limited",United Kingdom,1979,20700000,94,7.8,4358,"Brian Cohen is an average young Jewish man, but through a series of ridiculous events, he gains a reputation as the Messiah. When he's not dodging his followers or being scolded by his shrill mother, the hapless Brian has to contend with the pompous Pontius Pilate and acronym-obsessed members of a separatist movement. Rife with Monty Python's signature absurdity, the tale finds Brian's life paralleling Biblical lore, albeit with many more laughs."
"Drama, War",31500000,49.317,"United Artists, American Zoetrope",United States of America,1979,150000000,147,8.3,8184,"At the height of the Vietnam war, Captain Benjamin Willard is sent on a dangerous mission that, officially, ""does not exist, nor will it ever exist."" His goal is to locate - and eliminate - a mysterious Green Beret Colonel named Walter Kurtz, who has been leading his personal army on illegal guerrilla missions into enemy territory."
"Comedy, Romance",2540800,54.131,Metro-Goldwyn-Mayer,United States of America,1952,7200000,103,8.2,3115,"In 1927 Hollywood, a silent film production company and cast make a difficult transition to sound."
"Fantasy, Adventure, Animation, Family",165000000,81.862,DreamWorks Animation,United States of America,2010,494879471,98,7.8,12933,"As the son of a Viking leader on the cusp of manhood, shy Hiccup Horrendous Haddock III faces a rite of passage: he must kill a dragon to prove his warrior mettle. But after downing a feared dragon, he realizes that he no longer wants to destroy it, and instead befriends the beast – which he names Toothless – much to the chagrin of his warrior father."
"Adventure, Fantasy, Action",250000000,218.956,"New Line Cinema, Metro-Goldwyn-Mayer, WingNut Films, Warner Bros. Pictures","New Zealand, United States of America",2012,1021103568,169,7.4,18317,"Bilbo Baggins, a hobbit enjoying his quiet life, is swept into an epic quest by Gandalf the Grey and thirteen dwarves who seek to reclaim their mountain home from Smaug, the dragon."
"Mystery, Romance, Thriller, Drama",1288000,49.664,Selznick International Pictures,United States of America,1940,7592465,130,7.896,1739,"Story of a young woman who marries a fascinating widower only to find out that she must live in the shadow of his former wife, Rebecca, who died mysteriously several years earlier. The young wife must come to grips with the terrible secret of her handsome, cold husband, Max De Winter. She must also deal with the jealous, obsessed Mrs. Danvers, the housekeeper, who will not accept her as the mistress of the house."
"Drama, Crime",6000000,237.12,"Paramount Pictures, Alfran Productions",United States of America,1972,245066411,175,8.7,20563,"Spanning the years 1945 to 1955, a chronicle of the fictional Italian-American Corleone crime family. When organized crime family patriarch, Vito Corleone barely survives an attempt on his life, his youngest son, Michael steps in to take care of the would-be killers, launching a campaign of bloody revenge."
"Crime, Drama, Romance",910000,15.675,"Columbia Pictures, Horizon Pictures",United States of America,1954,960000,108,7.9,1554,"Terry Malloy is a kindhearted dockworker, and former boxer, who is tricked by his corrupt bosses into leading his friend to death. After falling in love, he tries to leave the waterfront and expose his employers."
"Fantasy, Animation, Family",3700000,51.878,"Studio Ghibli, Nibariki, Tokuma Shoten",Japan,1988,41000000,86,8.069,7918,"Two sisters move to the country with their father in order to be closer to their hospitalized mother, and discover the surrounding trees are inhabited by Totoros, magical spirits of the forest. When the youngest runs away from home, the older sister seeks help from the spirits to find her."
"Adventure, Drama, War",4000000,49.295,"The Mirisch Company, United Artists",United States of America,1963,11700000,173,8.0,2515,"The Nazis, exasperated at the number of escapes from their prison camps by a relatively small number of Allied prisoners, relocate them to a high-security 'escape-proof' camp to sit out the remainder of the war. Undaunted, the prisoners plan one of the most ambitious escape attempts of World War II. Based on a true story."
"Adventure, Comedy, Drama",923000,14.595,Charles Chaplin Productions,United States of America,1925,4000000,95,7.991,1587,A gold prospector in Alaska struggles to survive the elements and win the heart of a dance hall girl.
"Horror, Science Fiction",11000000,121.304,"20th Century Fox, Brandywine Productions",United States of America,1979,104931801,117,8.2,14701,"During its return to the earth, commercial spaceship Nostromo intercepts a distress signal from a distant planet. When a three-member team of the crew discovers a chamber containing thousands of eggs on the planet, a creature inside one of the eggs attacks an explorer. The entire crew is unaware of the impending nightmare set to descend upon them when the alien parasite planted inside its unfortunate host is birthed."
"Fantasy, Drama, War",19000000,45.694,"Estudios Picasso, Esperanto Filmoj, Tequila Gang, Telecinco Cinema","Mexico, Spain, United States of America",2006,83258226,118,7.758,10479,"Living with her tyrannical stepfather in a new home with her pregnant mother, 10-year-old Ofelia feels alone until she explores a decaying labyrinth guarded by a mysterious faun who claims to know her destiny. If she wishes to return to her real father, Ofelia must complete three terrifying tasks."
"Adventure, Comedy, Fantasy",400000,25.691,"Python (Monty) Pictures Limited, Michael White Productions, National Film Trustee Company",United Kingdom,1975,5028948,91,7.8,5753,"King Arthur, accompanied by his squire, recruits his Knights of the Round Table, including Sir Bedevere the Wise, Sir Lancelot the Brave, Sir Robin the Not-Quite-So-Brave-As-Sir-Lancelot and Sir Galahad the Pure. On the way, Arthur battles the Black Knight who, despite having had all his limbs chopped off, insists he can still fight. They reach Camelot, but Arthur decides not  to enter, as ""it is a silly place""."
"Adventure, Drama",15000000,38.702,"River Road Entertainment, Paramount Vantage, The Linson Company, Square One C.I.H.",United States of America,2007,56255142,148,7.803,9468,"After graduating from Emory University in 1992, top student and athlete Christopher McCandless abandons his possessions, gives his entire $24,000 savings account to charity, and hitchhikes to Alaska to live in the wilderness."
"Crime, Drama",4500000,17.772,"Artisan Entertainment, Thousand Words, Protozoa Pictures",United States of America,2000,7390108,102,8.0,9900,The drug-induced utopias of four Coney Island residents are shattered when their addictions run deep.
"Adventure, Fantasy, Family",2777000,92.13,Metro-Goldwyn-Mayer,United States of America,1939,33754967,102,7.586,5498,"Young Dorothy finds herself in a magical world where she makes friends with a lion, a scarecrow and a tin man as they make their way along the yellow brick road to talk with the Wizard and ask for the things they miss most in their lives. The Wicked Witch of the West is the only thing that could stop them."
"Thriller, Crime, Drama",1500000,13.694,Transatlantic Pictures,United States of America,1948,2200000,81,7.947,2675,Two friends attempt to prove they committed the perfect murder by hosting a dinner for the family of a classmate they strangled to death.
"Comedy, Drama, Romance",1500000,23.126,Charles Chaplin Productions,United States of America,1936,1800000,87,8.292,3676,"A bumbling tramp desires to build a home with a young woman, yet is thwarted time and time again by his lack of experience and habit of being in the wrong place at the wrong time.."
"Thriller, Action, Crime",40000000,30.569,"Dimension Films, Troublemaker Studios, Miramax",United States of America,2005,158700000,124,7.457,8066,"Welcome to Sin City. This town beckons to the tough, the corrupt, the brokenhearted. Some call it dark… Hard-boiled. Then there are those who call it home — Crooked cops, sexy dames, desperate vigilantes. Some are seeking revenge, others lust after redemption, and then there are those hoping for a little of both. A universe of unlikely and reluctant heroes still trying to do the right thing in a city that refuses to care."
Drama,1300000,19.502,"DR, SVT, Nimbus Film","Denmark, Sweden",1998,0,105,7.7,1064,"The family of a wealthy businessman gather to celebrate his 60th birthday. During the course of the party, his eldest son presents a speech that reveals a shocking secret."
"Adventure, Comedy, Science Fiction",19000000,136.1,"Universal Pictures, Amblin Entertainment",United States of America,1985,381109762,116,8.3,19839,"Eighties teenager Marty McFly is accidentally sent back in time to 1955, inadvertently disrupting his parents' first meeting and attracting his mother's romantic interest. Marty must repair the damage to history by rekindling his parents' romance and - with the help of his eccentric inventor friend Doc Brown - return to 1985."
"Drama, Action, Crime, Thriller",185000000,136.872,"DC, Legendary Pictures, Syncopy, Isobel Griffiths, Warner Bros. Pictures","United Kingdom, United States of America",2008,1004558444,152,8.5,32814,"Batman raises the stakes in his war on crime. With the help of Lt. Jim Gordon and District Attorney Harvey Dent, Batman sets out to dismantle the remaining criminal organizations that plague the streets. The partnership proves to be effective, but they soon find themselves prey to a reign of chaos unleashed by a rising criminal mastermind known to the terrified citizens of Gotham as the Joker."
"Drama, Comedy",13000000,62.842,"Gaumont, Quad Productions, Chaocorp, Ten Films, TF1 Films Production",France,2011,426590315,113,8.277,17150,A true story of two men who should never have met – a quadriplegic aristocrat who was injured in a paragliding accident and a young man from the projects.
"Crime, Drama, Thriller",795000,46.076,"Paul Gregory Productions, United Artists",United States of America,1955,0,93,7.876,1592,"In Depression-era West Virginia, a serial-killing preacher hunts two young children who know the whereabouts of a stash of money."
Drama,3000000,84.839,"Fantasy Films, United Artists",United States of America,1975,108981275,133,8.4,10402,"A petty criminal fakes insanity to serve his sentence in a mental ward rather than prison. He soon finds himself as a leader to the other patients—and an enemy to the cruel, domineering nurse who runs the ward."
"Comedy, Drama, Romance",3000000,52.592,"The Mirisch Company, United Artists",United States of America,1960,25000000,125,8.203,2276,"Bud Baxter is a minor clerk in a huge New York insurance company, until he discovers a quick way to climb the corporate ladder. He lends out his apartment to the executives as a place to take their mistresses. Although he often has to deal with the aftermath of their visits, one night he's left with a major problem to solve."
"Adventure, Action",18000000,60.615,"Paramount Pictures, Lucasfilm Ltd.",United States of America,1981,389925971,115,7.928,12349,"When Dr. Indiana Jones – the tweed-suited professor who just happens to be a celebrated archaeologist – is hired by the government to locate the legendary Ark of the Covenant, he finds himself up against the entire Nazi regime."
"Thriller, Romance, Mystery",2000000,44.009,"RKO Radio Pictures, Vanguard Films",United States of America,1946,24500000,103,7.7,1584,"In order to help bring Nazis to justice, U.S. government agent T.R. Devlin recruits Alicia Huberman, the American daughter of a convicted German war criminal, as a spy. As they begin to fall for one another, Alicia is instructed to win the affections of Alexander Sebastian, a Nazi hiding out in Brazil. When Sebastian becomes serious about his relationship with Alicia, the stakes get higher, and Devlin must watch her slip further undercover."
"Crime, Drama, Thriller",19000000,20.369,"Orion Pictures, Strong Heart",United States of America,1991,272742922,119,8.3,16228,"Clarice Starling is a top student at the FBI's training academy.  Jack Crawford wants Clarice to interview Dr. Hannibal Lecter, a brilliant psychiatrist who is also a violent psychopath, serving life behind bars for various acts of murder and cannibalism.  Crawford believes that Lecter may have insight into a case and that Starling, as an attractive young woman, may be just the bait to draw him out."
"Drama, Romance",5000000,39.128,"RAI, Tre Forum, Les Films Ariane, TF1 Films Production","France, Italy",1988,11990401,124,8.5,4354,"A filmmaker recalls his childhood, when he fell in love with the movies at his village's theater and formed a deep friendship with the theater's projectionist."
"Animation, Family",94000000,134.636,Pixar,United States of America,2003,940335536,100,7.8,19171,"Nemo, an adventurous young clownfish, is unexpectedly taken from his Great Barrier Reef home to a dentist's office aquarium. It's up to his worrisome father Marlin and a friendly but forgetful fish Dory to bring Nemo home -- meeting vegetarian sharks, surfer dude turtles, hypnotic jellyfish, hungry seagulls, and more along the way."
"Adventure, Fantasy, Animation",23500000,56.838,"Studio Ghibli, Nibariki, dentsu Music And Entertainment, TNDG, Tokuma Shoten, Nippon Television Network Corporation, dentsu",Japan,1997,169000000,134,8.336,7969,"Ashitaka, a prince of the disappearing Emishi people, is cursed by a demonized boar god and must journey to the west to find a cure. Along the way, he encounters San, a young human woman fighting to protect the forest, and Lady Eboshi, who is trying to destroy it. Ashitaka must find a way to bring balance to this conflict."
"Comedy, Drama, Romance",4000000,18.387,"United Artists, Rollins-Joffe Productions",United States of America,1977,38288028,93,7.7,3856,New York comedian Alvy Singer falls in love with the ditsy Annie Hall.
Western,3200000,32.296,"Paramount Pictures, John Ford Productions",United States of America,1962,8000000,123,7.8,1118,"Questions arise when Senator Stoddard (James Stewart) attends the funeral of a local man named Tom Doniphon (John Wayne) in a small Western town. Flashing back, we learn Doniphon saved Stoddard, then a lawyer, when he was roughed up by a crew of outlaws terrorizing the town, led by Liberty Valance (Lee Marvin). As the territory's safety hung in the balance, Doniphon and Stoddard, two of the only people standing up to him, proved to be very important, but different, foes to Valance."
"Drama, Horror, Thriller",3200000,26.29,William Castle Productions,United States of America,1968,33395426,138,7.831,3879,"A young couple, Rosemary and Guy, moves into an infamous New York apartment building, known by frightening legends and mysterious events, with the purpose of starting a family."
Drama,13000000,16.469,"Hell's Kitchen, Universal Pictures","United Kingdom, Ireland, United States of America",1993,65796862,133,7.9,1730,"A small time thief from Belfast, Gerry Conlon, is falsely implicated in the IRA bombing of a pub that kills several people while he is in London. He and his four friends are coerced by British police into confessing their guilt. Gerry's father and other relatives in London are also implicated in the crime. He spends fifteen years in prison with his father trying to prove his innocence."
"Comedy, War",2000000,22.872,Charles Chaplin Productions,United States of America,1940,11000000,125,8.305,3353,Dictator Adenoid Hynkel tries to expand his empire while a poor Jewish barber tries to avoid persecution from Hynkel's regime.
"Drama, Thriller, Crime",0,10.554,Nero-Film AG,Germany,1931,35274,111,8.086,2162,"In this classic German thriller, Hans Beckert, a serial killer who preys on children, becomes the focus of a massive Berlin police manhunt. Beckert's heinous crimes are so repellant and disruptive to city life that he is even targeted by others in the seedy underworld network. With both cops and criminals in pursuit, the murderer soon realizes that people are on his trail, sending him into a tense, panicked attempt to escape justice."
Drama,63000000,100.348,"Fox 2000 Pictures, Regency Enterprises, The Linson Company, 20th Century Fox, Taurus Film","Germany, United States of America",1999,100853753,139,8.4,29324,"A ticking-time-bomb insomniac and a slippery soap salesman channel primal male aggression into a shocking new form of therapy. Their concept catches on, with underground ""fight clubs"" forming in every town, until an eccentric gets in the way and ignites an out-of-control spiral toward oblivion."
"Fantasy, Drama, Crime",60000000,111.646,"Castle Rock Entertainment, Darkwoods Productions",United States of America,1999,286801374,189,8.507,17376,"A supernatural tale set on death row in a Southern prison, where gentle giant John Coffey possesses the mysterious power to heal people's ailments. When the cell block's head guard, Paul Edgecomb, recognizes Coffey's miraculous gift, he tries desperately to help stave off the condemned man's execution."
"Science Fiction, Action, Adventure",220000000,181.583,Marvel Studios,United States of America,2012,1518815515,143,7.7,30671,"When an unexpected enemy emerges and threatens global safety and security, Nick Fury, director of the international peacekeeping agency known as S.H.I.E.L.D., finds himself in need of a team to pull the world back from the brink of disaster. Spanning the globe, a daring recruitment effort begins!"
Drama,3800000,36.36,Metro-Goldwyn-Mayer,United States of America,1976,23700000,122,7.8,1708,"When veteran anchorman Howard Beale is forced to retire his 25-year post because of his age, he announces to viewers that he will kill himself during his farewell broadcast. Network executives rethink their decision when his fanatical tirade results in a spike in ratings."
"Comedy, War",1800000,35.345,Hawk Films,United Kingdom,1964,9500000,95,8.117,5586,"After the insane General Jack D. Ripper initiates a nuclear strike on the Soviet Union, a war room full of politicians, generals and a Russian diplomat all frantically try to stop the nuclear strike."
"Action, Crime, Drama",150000000,56.295,"Warner Bros. Pictures, DC, Syncopy, Legendary Pictures, Patalex III Productions Limited","United Kingdom, United States of America",2005,374218673,140,7.709,20874,"Driven by tragedy, billionaire Bruce Wayne dedicates his life to uncovering and defeating the corruption that plagues his home, Gotham City.  Unable to work within the system, he instead creates a new identity, a symbol of fear for the criminal underworld - The Batman."
"Action, Crime, Drama",25000000,106.092,"Universal Pictures, Martin Bregman Productions",United States of America,1983,66023329,169,8.2,11763,"After getting a green card in exchange for assassinating a Cuban government official, Tony Montana stakes a claim on the drug trade in Miami. Viciously murdering anyone who stands in his way, Tony eventually becomes the biggest drug lord in the state, controlling nearly all the cocaine that comes through Miami. But increased pressure from the police, wars with Colombian drug cartels and his own drug-fueled paranoia serve to fuel the flames of his eventual downfall."
"Action, Crime",30000000,61.839,"Miramax, A Band Apart, Super Cool ManChu",United States of America,2003,180906076,111,8.0,17319,"An assassin is shot by her ruthless employer, Bill, and other members of their assassination circle – but she lives to plot her vengeance."
"Adventure, Action, Science Fiction",32350000,31.556,Lucasfilm Ltd.,United States of America,1983,572700000,132,7.898,15599,"Luke Skywalker leads a mission to rescue his friend Han Solo from the clutches of Jabba the Hutt, while the Emperor seeks to destroy the Rebellion once and for all with a second dreaded Death Star."
"Crime, Mystery, Thriller",33000000,79.705,"New Line Cinema, Juno Pix, Cecchi Gori Pictures",United States of America,1995,327311859,127,8.375,20934,"Two homicide detectives are on a desperate hunt for a serial killer whose crimes are based on the ""seven deadly sins"" in this dark and haunting film that takes viewers from the tortured remains of one victim to the next. The seasoned Det. Sommerset researches each sin in an effort to get inside the killer's mind, while his novice partner, Mills, scoffs at his efforts to unravel the case."
"Action, Drama, Adventure",103000000,269.404,"Universal Pictures, Scott Free Productions, Red Wagon Entertainment, Mill Film, DreamWorks Pictures","United Kingdom, United States of America",2000,465361176,155,8.2,18443,"In the year 180, the death of emperor Marcus Aurelius throws the Roman Empire into chaos.  Maximus is one of the Roman army's most capable and trusted generals and a key advisor to the emperor.  As Marcus' devious son Commodus ascends to the throne, Maximus is set to be executed.  He escapes, but is captured by slave traders.  Renamed Spaniard and forced to become a gladiator, Maximus must battle to the death with other men for the amusement of paying audiences."
"Drama, Crime",4000000,44.329,"Figment Films, The Noel Gay Motion Picture Company, Channel Four Films",United Kingdom,1996,72000000,94,8.0,9584,"Heroin addict Mark Renton stumbles through bad ideas and sobriety attempts with his unreliable friends -- Sick Boy, Begbie, Spud and Tommy. He also has an underage girlfriend, Diane, along for the ride. After cleaning up and moving from Edinburgh to London, Mark finds he can't escape the life he left behind when Begbie shows up at his front door on the lam, and a scheming Sick Boy follows."
"Drama, Family, Fantasy",3180000,44.179,Liberty Films,United States of America,1946,9644124,130,8.3,4256,"A holiday favourite for generations...  George Bailey has spent his entire life giving to the people of Bedford Falls.  All that prevents rich skinflint Mr. Potter from taking over the entire town is George's modest building and loan company.  But on Christmas Eve the business's $8,000 is lost and George's troubles begin."
"Mystery, Thriller, Drama",40000000,67.503,"Spyglass Entertainment, The Kennedy/Marshall Company, Hollywood Pictures, Barry Mendel Productions",United States of America,1999,672800000,107,8.0,11652,"Following an unexpected tragedy, child psychologist Malcolm Crowe meets a nine year old boy named Cole Sear, who is hiding a dark secret."
"Horror, Drama",12000000,66.374,"Hoya Productions, Warner Bros. Pictures",United States of America,1973,441306145,122,7.735,7921,"When a charming 12-year-old girl takes on the characteristics and voices of others, doctors say there is nothing they can do. As people begin to die, the girl's mother realizes her daughter has been possessed by the devil - and that her daughter's only possible hope lies with two priests and the ancient rite of demonic exorcism."
"Drama, Romance, War, History",11000000,41.728,"Warner Bros. Pictures, Hawk Films, Peregrine","United Kingdom, United States of America",1975,260131,185,8.005,2793,"An Irish rogue uses his cunning and wit to work his way up the social classes of 18th century England, transforming himself from the humble Redmond Barry into the noble Barry Lyndon."
"Thriller, Adventure",4000000,43.213,Metro-Goldwyn-Mayer,United States of America,1959,13275000,136,8.0,4072,"Advertising man Roger Thornhill is mistaken for a spy, triggering a deadly cross-country chase."
"Drama, History",5000000,64.519,"Brooksfilms, Paramount Pictures",United States of America,1980,26000000,124,8.035,3455,"A Victorian surgeon rescues a heavily disfigured man being mistreated by his ""owner"" as a side-show freak. Behind his monstrous façade, there is revealed a person of great intelligence and sensitivity. Based on the true story of Joseph Merrick (called John Merrick in the film), a severely deformed man in 19th century London."
"Crime, Drama",1900000,58.216,"Italo/Judeo Productions, Bill/Phillips, Columbia Pictures",United States of America,1976,28579636,114,8.1,12195,A mentally unstable Vietnam War veteran works as a night-time taxi driver in New York City where the perceived decadence and sleaze feed his urge for violent action.
"Adventure, Fantasy, Action",140000000,215.038,"Walt Disney Pictures, Jerry Bruckheimer Films",United States of America,2003,655011224,143,7.806,20533,"After Port Royal is attacked and pillaged by a mysterious pirate crew, capturing the governor's daughter Elizabeth Swann in the process, William Turner asks free-willing pirate Jack Sparrow to help him locate the crew's ship—The Black Pearl—so that he can rescue the woman he loves."
"Comedy, Crime",15000000,53.642,"PolyGram Filmed Entertainment, Working Title Films, Gramercy Pictures","United Kingdom, United States of America",1998,47010480,117,7.844,11115,"Jeffrey 'The Dude' Lebowski, a Los Angeles slacker who only wants to bowl and drink White Russians, is mistaken for another Jeffrey Lebowski, a wheelchair-bound millionaire, and finds himself dragged into a strange series of events involving nihilists, adult film producers, ferrets, errant toes, and large sums of money."
"Family, Animation, Drama",45000000,191.633,"Walt Disney Pictures, Walt Disney Feature Animation",United States of America,1994,763455561,89,8.3,18209,"Taking inspiration from Shakespeare's Hamlet, a young lion prince grows up in exile after his father is killed by his villainous uncle, and returns years later to reclaim his throne."
"Drama, Crime",30000000,75.358,"The Ladd Company, Embassy International Pictures, Rafran Cinematografica, PSO, Warner Bros. Pictures","United States of America, Italy",1984,5500000,229,8.4,5368,"A former Prohibition-era Jewish gangster returns to the Lower East Side of Manhattan over thirty years later, where he once again must confront the ghosts and regrets of his old life."
"Action, Drama, Mystery, Thriller",70000000,82.746,"Universal Pictures, The Kennedy/Marshall Company, Ludlum Entertainment, Motion Picture BETA Produktionsgesellschaft, Bourne Again, KanZaman Services, Peninsula Films, Studio Babelsberg","France, Germany, Spain, United States of America",2007,442824138,115,7.43,7593,"Bourne is brought out of hiding once again by reporter Simon Ross who is trying to unveil Operation Blackbriar, an upgrade to Project Treadstone, in a series of newspaper columns. Information from the reporter stirs a new set of memories, and Bourne must finally uncover his dark past while dodging The Company's best efforts to eradicate him."
"Western, Thriller",730000,37.657,"Stanley Kramer Productions, United Artists",United States of America,1952,8000000,85,7.7,1409,"Will Kane, the sheriff of a small town in New Mexico, learns a notorious outlaw he put in jail has been freed, and will be arriving on the noon train. Knowing the outlaw and his gang are coming to kill him, Kane is determined to stand his ground, so he attempts to gather a posse from among the local townspeople."
"Crime, Drama, Thriller",1800000,21.596,"Artists Entertainment Complex, Warner Bros. Pictures",United States of America,1975,46665856,125,7.841,2937,"Based on the true story of would-be Brooklyn bank robbers John Wojtowicz and Salvatore Naturile. Sonny and Sal attempt a bank heist which quickly turns sour and escalates into a hostage situation and stand-off with the police. As Sonny's motives for the robbery are slowly revealed and things become more complicated, the heist turns into a media circus."
"Crime, Drama, Mystery, Thriller",6000000,31.405,"Paramount Pictures, Long Road Productions, Robert Evans Company",United States of America,1974,30000000,130,7.9,3789,"Private eye Jake Gittes lives off of the murky moral climate of sunbaked, pre-World War II Southern California. Hired by a beautiful socialite to investigate her husband's extra-marital affair, Gittes is swept into a maelstrom of double dealings and deadly deceits, uncovering a web of personal and political scandals that come crashing together."
Drama,2600000,29.983,"Aamir Khan Productions, PVR Inox Pictures, UTV Motion Pictures",India,2007,28430000,162,8.0,1151,"Ishaan Awasthi is an eight-year-old whose world is filled with wonders that no one else seems to appreciate. Colours, fish, dogs, and kites don't seem important to the adults, who are much more interested in things like homework, marks, and neatness. Ishaan cannot seem to get anything right in class; he is then sent to boarding school, where his life changes forever."
"Action, Drama, History",11500005,19.2,"Nippon Herald Films, Greenwich Film Production, Herald Ace, TOHO","Japan, France",1985,11859533,160,8.067,1529,"With Ran, legendary director Akira Kurosawa reimagines Shakespeare's King Lear as a singular historical epic set in sixteenth-century Japan. Majestic in scope, the film is Kurosawa's late-life masterpiece, a profound examination of the folly of war and the crumbling of one family under the weight of betrayal, greed, and the insatiable thirst for power."
"Animation, Comedy, Drama",8240000,65.116,Melodrama Pictures,Australia,2009,1740429,92,7.8,1954,"A tale of friendship between two unlikely pen pals: Mary, a lonely, eight-year-old girl living in the suburbs of Melbourne, and Max, a forty-four-year old, severely obese man living in New York."
"Drama, Science Fiction",5300000,25.865,UFA,Germany,1927,1350322,148,8.1,2737,"In a futuristic city sharply divided between the rich and the poor, the son of the city's mastermind meets a prophet who predicts the coming of a savior to mediate their differences."
Western,1200000,91.14,"United Artists, PEA, Arturo González PC, Constantin Film","United States of America, Italy, Spain, Germany",1966,38900000,161,8.5,8584,"While the Civil War rages on between the Union and the Confederacy, three men – a quiet loner, a ruthless hitman, and a Mexican bandit – comb the American Southwest in search of a strongbox containing $200,000 in stolen gold."
"Fantasy, Drama, Mystery",4500000,40.062,"Flower Films, Gaylord Films, Adam Fields Productions, Pandora Cinema",United States of America,2001,7500000,114,7.777,12363,"After narrowly escaping a bizarre accident, a troubled teenager is plagued by visions of a large bunny rabbit that manipulates him to commit a series of crimes."
"Crime, Drama",12000000,17.543,"Allied Artists Pictures, Solar Productions, Corona-General",United States of America,1973,53267000,151,7.838,1882,"A man befriends a fellow criminal as the two of them begin serving their sentence on a dreadful prison island, which inspires the man to plot his escape."
"Comedy, Drama, Romance",1500000,12.059,Charles Chaplin Productions,United States of America,1931,4250000,87,8.3,2152,A tramp falls in love with a beautiful blind flower girl. His on-and-off friendship with a wealthy man allows him to be the girl's benefactor and suitor.
"Crime, Drama",50000000,75.32,"Universal Pictures, Syalis DA, Légende Films, Cappa/De Fina Productions","France, United States of America",1995,116112375,179,8.005,5781,"In early-1970s Las Vegas, Sam ""Ace"" Rothstein gets tapped by his bosses to head the Tangiers Casino. At first, he's a great success in the job, but over the years, problems with his loose-cannon enforcer Nicky Santoro, his ex-hustler wife Ginger, her con-artist ex Lester Diamond and a handful of corrupt politicians put Sam in ever-increasing danger."
Drama,25000000,36.758,"Paramount Vantage, Miramax, JoAnne Sellar Productions, Ghoulardi Film Company",United States of America,2007,77208711,158,8.08,6563,"Ruthless silver miner, turned oil prospector, Daniel Plainview, moves to oil-rich California. Using his son to project a trustworthy, family-man image, Plainview cons local landowners into selling him their valuable properties for a pittance. However, local preacher Eli Sunday suspects Plainview's motives and intentions, starting a slow-burning feud that threatens both their lives."
Science Fiction,30000000,49.396,"TriStar Pictures, Block / Hanson, WingNut Films, District 9","New Zealand, South Africa, United States of America",2009,210888950,112,7.4,9403,"Thirty years ago, aliens arrive on Earth. Not to conquer or give aid, but to find refuge from their dying planet. Separated from humans in a South African area called District 9, the aliens are managed by Multi-National United, which is unconcerned with the aliens' welfare but will do anything to master their advanced technology. When a company field agent contracts a mysterious virus that begins to alter his DNA, there is only one place he can hide: District 9."
"Drama, Western",100000000,55.819,"The Weinstein Company, Columbia Pictures",United States of America,2012,425368238,165,8.2,26138,"With the help of a German bounty hunter, a freed slave sets out to rescue his wife from a brutal Mississippi plantation owner."
"Comedy, Fantasy",0,19.603,Universal International Pictures,United States of America,1950,0,104,7.7,603,"The story of Elwood P. Dowd who makes friends with a spirit taking the form of a human-sized rabbit named Harvey that only he sees (and a few privileged others on occasion also.) After his sister tries to commit him to a mental institution, a comedy of errors ensues. Elwood and Harvey become the catalysts for a family mending its wounds and for romance blossoming in unexpected places."
Drama,10000000,72.938,"Miramax, Lawrence Bender Productions, Be Gentlemen Limited Partnership",United States of America,1997,225900000,127,8.2,12293,"When professors discover that an aimless janitor is also a math genius, a therapist helps the young man confront the demons that are holding him back."
"Drama, Romance, War",2100000,19.338,"Samuel Goldwyn Productions, RKO Radio Pictures, Samuel Goldwyn Company",United States of America,1946,23650000,171,7.8,641,"It's the hope that sustains the spirit of every GI: the dream of the day when he will finally return home. For three WWII veterans, the day has arrived. But for each man, the dream is about to become a nightmare."
"Drama, Crime, Thriller",6000000,56.08,"Bad Hat Harry Productions, Blue Parrot Productions",United States of America,1995,23300000,106,8.183,10316,"Held in an L.A. interrogation room, Verbal Kint attempts to convince the feds that a mythic crime lord, Keyser Soze, not only exists, but was also responsible for drawing him and his four partners into a multi-million dollar heist that ended with an explosion in San Pedro harbor – leaving few survivors. Verbal lures his interrogators with an incredible story of the crime lord's almost supernatural prowess."
"Science Fiction, Action, Adventure",150000000,45.182,"Paramount Pictures, Spyglass Entertainment, Bad Robot",United States of America,2009,386839614,127,7.4,9805,"The fate of the galaxy rests in the hands of bitter rivals. One, James Kirk, is a delinquent, thrill-seeking Iowa farm boy. The other, Spock, a Vulcan, was raised in a logic-based society that rejects all emotion. As fiery instinct clashes with calm reason, their unlikely but powerful partnership is the only thing capable of leading their crew through unimaginable danger, boldly going where no one has gone before. The human adventure has begun again."
"Horror, Thriller, Mystery",806947,44.922,Shamley Productions,United States of America,1960,32000000,109,8.4,10027,"When larcenous real estate clerk Marion Crane goes on the lam with a wad of cash and hopes of starting a new life, she ends up at the notorious Bates Motel, where manager Norman Bates cares for his housebound mother."
"Action, Science Fiction, Adventure",160000000,93.846,"Legendary Pictures, Syncopy, Warner Bros. Pictures","United Kingdom, United States of America",2010,825532764,148,8.4,36495,"Cobb, a skilled thief who commits corporate espionage by infiltrating the subconscious of his targets is offered a chance to regain his old life as payment for a task considered to be impossible: ""inception"", the implantation of another person's idea into a target's subconscious."
"Drama, History",22000000,11.226,"Goldcrest, Indo-British, International Film Investors, National Film Development Corporation of India, Columbia Pictures","India, United Kingdom, United States of America",1982,77737889,191,7.6,2268,"In the early years of the 20th century, Mohandas K. Gandhi, a British-trained lawyer, forsakes all worldly possessions to take up the cause of Indian independence. Faced with armed resistance from the British government, Gandhi adopts a policy of 'passive resistance', endeavouring to win freedom for his people without resorting to bloodshed."
"Thriller, Crime, Drama, Mystery",25000000,35.802,"Warner Bros. Pictures, Village Roadshow Pictures, NPV Entertainment, Malpaso Productions",United States of America,2003,156800000,138,7.742,6600,The lives of three men who were childhood friends are shattered when one of them suffers a family tragedy.
Drama,0,15.763,SF Studios,Sweden,1966,0,83,8.177,2129,"A young nurse, Alma, is put in charge of Elisabeth Vogler: an actress who is seemingly healthy in all respects, but will not talk. As they spend time together, Alma speaks to Elisabeth constantly, never receiving any answer."
"Drama, Romance, Comedy",3000000,28.55,"AVCO Embassy Pictures, Mike Nichols Productions, Lawrence Turman Productions",United States of America,1967,104945305,106,7.64,3301,"Benjamin, a recent college graduate very worried about his future, finds himself in a love triangle with an older woman and her daughter."
Drama,30000000,27.448,"Lakeshore Entertainment, Malpaso Productions, Epsilon Motion Pictures, ASR Productions, Warner Bros. Pictures","Switzerland, United States of America",2004,216763646,132,7.956,9487,"Despondent over a painful estrangement from his daughter, trainer Frankie Dunn isn't prepared for boxer Maggie Fitzgerald to enter his life. But Maggie's determined to go pro and to convince Dunn and his cohort to help her."
"Drama, Romance",15000000,57.337,"Celador Films, Film4 Productions",United Kingdom,2008,378400000,120,7.7,10493,"A teenager reflects on his life after being accused of cheating on the Indian version of ""Who Wants to be a Millionaire?""."
"Drama, History, War",17500000,20.493,"Lionsgate, United Artists, The Department of Trade, Industry and Competition of South Africa, Miracle Pictures, Seamus, Inside Track, Kiagli Releasing, Mikado Film, Metro-Goldwyn-Mayer","Italy, South Africa, United Kingdom, United States of America",2004,38000000,121,7.7,2824,"Inspired by true events, this film takes place in Rwanda in the 1990s when more than a million Tutsis were killed in a genocide that went mostly unnoticed by the rest of the world. Hotel owner Paul Rusesabagina houses over a thousand refuges in his hotel in attempt to save their lives."
"Drama, Romance",2000000,21.164,"Rossen Films, 20th Century Fox",United States of America,1961,7600000,134,7.676,957,Fast Eddie Felson is a small-time pool hustler with a lot of talent but a self-destructive attitude. His bravado causes him to challenge the legendary Minnesota Fats to a high-stakes match.
"Comedy, Drama, Romance",55000000,127.113,"Paramount Pictures, The Steve Tisch Company, Wendy Finerman Productions",United States of America,1994,677387716,142,8.471,27383,"A man with a low IQ has accomplished great things in his life and been present during significant historic events—in each case, far exceeding what anyone imagined he could do. But despite all he has achieved, his one true love eludes him."
"Thriller, Crime",8500000,98.161,"Miramax, A Band Apart, Jersey Films",United States of America,1994,213928762,154,8.5,27853,"A burger-loving hit man, his philosophical partner, a drug-addled gangster's moll and a washed-up boxer converge in this sprawling, comedic crime caper. Their adventures unfurl in three stories that ingeniously trip back and forth in time."
"Mystery, Crime, Thriller",250000,14.332,Warner Bros. Pictures,United States of America,1946,10682000,114,7.6,1026,"Private Investigator Philip Marlowe is hired by wealthy General Sternwood regarding a matter involving his youngest daughter Carmen. Before the complex case is over, Marlowe sees murder, blackmail, deception, and what might be love."
"Action, Thriller, Science Fiction",102000000,72.85,"Carolco Pictures, Pacific Western, Lightstorm Entertainment, Le Studio Canal+","France, United States of America",1991,520000000,137,8.1,12807,"Set ten years after the events of the original, James Cameron’s classic sci-fi action flick tells the story of a second attempt to get the rid of rebellion leader John Connor, this time targeting the boy himself. However, the rebellion has sent a reprogrammed terminator to protect Connor."
Drama,2000000,21.034,"Pakula-Mulligan, Brentwood Productions",United States of America,1962,13129846,129,8.001,2580,"Scout Finch, 6, and her older brother Jem live in sleepy Maycomb, Alabama, spending much of their time with their friend Dill and spying on their reclusive and mysterious neighbor, Boo Radley. When Atticus, their widowed father and a respected lawyer, defends a black man named Tom Robinson against fabricated rape charges, the trial and tangent events expose the children to evils of racism and stereotyping."
"Crime, Thriller",320000,26.015,"United Artists, Harris-Kubrick Productions",United States of America,1956,0,85,7.653,1516,"Career criminal Johnny Clay recruits a sharpshooter, a crooked police officer, a bartender and a betting teller named George, among others, for one last job before he goes straight and gets married. But when George tells his restless wife about the scheme to steal millions from the racetrack where he works, she hatches a plot of her own."
"Thriller, Mystery",1000000,25.112,"Paramount Pictures, Patron Inc.",United States of America,1954,37042336,112,8.351,6453,A wheelchair-bound photographer spies on his neighbors from his apartment window and becomes convinced one of them has committed murder.
"Science Fiction, Drama, Romance",20000000,83.926,"Focus Features, Anonymous Content, This is that",United States of America,2004,72258126,108,8.099,14864,"Joel Barish, heartbroken that his girlfriend underwent a procedure to erase him from her memory, decides to do the same. However, as he watches his memories of her fade away, he realises that he still loves her, and may be too late to correct his mistake."
"Drama, Thriller",1800000,20.97,"Charles K. Feldman Group, Warner Bros. Pictures",United States of America,1951,8000000,125,7.6,1339,A fading southern belle moves in with her sister in New Orleans where her ferocious brother-in-law takes stabs at her sanity.
"Animation, Comedy, Family, Fantasy",150000000,116.791,"Pixar, Walt Disney Pictures",United States of America,2007,623726000,111,7.8,16961,"Remy, a resident of Paris, appreciates good food and has quite a sophisticated palate. He would love to become a chef so he can create and enjoy culinary masterpieces to his heart's delight. The only problem is, Remy is a rat. When he winds up in the sewer beneath one of Paris' finest restaurants, the rodent gourmet finds himself ideally placed to realize his dream."
Drama,3800000,31.878,"Zentropa International Sweden, Zentropa Entertainments, Film i Väst","Denmark, Sweden",2012,18300000,116,8.1,4152,"A teacher lives a lonely life, all the while struggling over his son’s custody. His life slowly gets better as he finds love and receives good news from his son, but his new luck is about to be brutally shattered by an innocent little lie."
"Drama, War, Mystery",6800000,27.958,"TS Productions, Phi Group, micro_scope","Canada, France",2010,6788659,131,8.1,2712,"A mother's last wishes send twins Jeanne and Simon on a journey to Middle East in search of their tangled roots. Adapted from Wajdi Mouawad's acclaimed play, Incendies tells the powerful and moving tale of two young adults' voyage to the core of deep-rooted hatred, never-ending wars and enduring love."
"Drama, Action, Thriller, Crime, Mystery",125000,28.299,"Media Asia Films, Basic Pictures",Hong Kong,2002,8708932,100,7.819,1618,"Chan Wing Yan, a young police officer, has been sent undercover as a mole in the local mafia. Lau Kin Ming, a young mafia member, infiltrates the police force. Years later, their older counterparts, Chen Wing Yan and Inspector Lau Kin Ming, respectively, race against time to expose the mole within their midst."
"Mystery, Thriller",9000000,45.193,"Newmarket Films, Summit Entertainment, Team Todd, I Remember Productions",United States of America,2000,40047236,113,8.2,14787,"Leonard Shelby is tracking down the man who raped and murdered his wife. The difficulty of locating his wife's killer, however, is compounded by the fact that he suffers from a rare, untreatable form of short-term memory loss. Although he can recall details of life before his accident, Leonard cannot remember what happened fifteen minutes ago, where he's going, or why."
"Drama, Romance",58000000,36.652,"Universal Pictures, DreamWorks Pictures, Imagine Entertainment",United States of America,2001,316800000,135,7.858,10126,"Brilliant mathematician, John Nash, is on the brink of international acclaim when he becomes entangled in a mysterious conspiracy."
